,0
0,375.0HP 3.5L V6 Cylinder Engine Gasoline Fuel
1,300.0HP 3.0L Straight 6 Cylinder Engine Gasoline Fuel
2,300.0HP 4.2L 8 Cylinder Engine Gasoline Fuel
3,335.0HP 3.0L Straight 6 Cylinder Engine Gasoline/Mild Electric Hybrid
4,200.0HP 3.8L V6 Cylinder Engine Gasoline Fuel
5,140.0HP 1.8L 4 Cylinder Engine Gasoline Fuel
6,333.0HP 3.0L V6 Cylinder Engine Gasoline Fuel
7,193.0HP 2.5L 4 Cylinder Engine Gasoline Fuel
8,200.0HP 2.0L 4 Cylinder Engine Gasoline Fuel
9,300.0HP 3.7L V6 Cylinder Engine Gasoline Fuel
10,405.0HP 3.0L V6 Cylinder Engine Gasoline Fuel
11,355.0HP 5.3L 8 Cylinder Engine Gasoline Fuel
12,300.0HP 3.6L V6 Cylinder Engine Gasoline Fuel
13,248.0HP 2.0L 4 Cylinder Engine Gasoline Fuel
14,248.0HP 3.5L V6 Cylinder Engine Gasoline Fuel
15,182.0HP 2.4L 4 Cylinder Engine Gasoline Fuel
16,271.0HP Electric Motor Electric Fuel System
17,386.0HP 4.6L 8 Cylinder Engine Gasoline Fuel
18,360.0HP 6.0L 8 Cylinder Engine Flex Fuel Capability
19,523.0HP 4.4L 8 Cylinder Engine Gasoline Fuel
20,1.5L I4 16V GDI DOHC Turbo
21,310.0HP 3.5L V6 Cylinder Engine Gasoline Fuel
22,240.0HP 2.0L 4 Cylinder Engine Gasoline Fuel
23,310.0HP 2.3L 4 Cylinder Engine Gasoline Fuel
24,303.0HP 3.6L V6 Cylinder Engine Gasoline Fuel
25,650.0HP 6.2L 8 Cylinder Engine Gasoline Fuel
26,3.5L V6 24V PDI DOHC Twin Turbo
27,310.0HP 3.0L V6 Cylinder Engine Gasoline Fuel
28,150.0HP 1.4L 4 Cylinder Engine Gasoline Fuel
29,440.0HP 6.7L 8 Cylinder Engine Diesel Fuel
30,169.0HP 2.5L 4 Cylinder Engine Gasoline Fuel
31,382.0HP 3.0L Straight 6 Cylinder Engine Gasoline/Mild Electric Hybrid
32,420.0HP 6.2L 8 Cylinder Engine Gasoline Fuel
33,211.0HP 2.0L 4 Cylinder Engine Gasoline Fuel
34,380.0HP 3.0L V6 Cylinder Engine Gasoline Fuel
35,280.0HP 3.9L 8 Cylinder Engine Gasoline Fuel
36,2.5L I4 16V
37,500.0HP 4.0L Flat 6 Cylinder Engine Gasoline Fuel
38,395.0HP 5.7L 8 Cylinder Engine Gasoline/Mild Electric Hybrid
39,265.0HP 3.2L V6 Cylinder Engine Gasoline Fuel
40,152.0HP 2.0L 4 Cylinder Engine Gasoline Fuel
41,305.0HP 3.6L V6 Cylinder Engine Gasoline Fuel
42,424.0HP 3.0L V6 Cylinder Engine Gasoline Fuel
43,220.0HP 4.6L 8 Cylinder Engine Gasoline Fuel
44,291.0HP 3.8L V6 Cylinder Engine Gasoline Fuel
45,118.0HP 1.6L 4 Cylinder Engine Gasoline Fuel
46,365.0HP 3.5L V6 Cylinder Engine Gasoline Fuel
47,445.0HP 4.4L 8 Cylinder Engine Gasoline Fuel
48,375.0HP 5.0L 8 Cylinder Engine Gasoline Fuel
49,285.0HP 3.6L V6 Cylinder Engine Gasoline Fuel
50,190.0HP 4.0L Straight 6 Cylinder Engine Gasoline Fuel
51,450.0HP 6.7L 8 Cylinder Engine Diesel Fuel
52,247.0HP 2.0L 4 Cylinder Engine Gasoline Fuel
53,â€“
54,311.0HP 3.5L V6 Cylinder Engine Gasoline Fuel
55,354.0HP 3.0L V6 Cylinder Engine Gasoline Fuel
56,302.0HP 3.5L V6 Cylinder Engine Gasoline Fuel
57,132.0HP 2.0L 4 Cylinder Engine Gasoline Fuel
58,420.0HP 4.0L 8 Cylinder Engine Gasoline Fuel
59,175.0HP 2.5L 4 Cylinder Engine Gasoline Fuel
60,168.0HP 2.4L 4 Cylinder Engine Gasoline Fuel
61,348.0HP 3.8L V6 Cylinder Engine Gasoline Fuel
62,202.0HP 3.8L V6 Cylinder Engine Gasoline Fuel
63,295.0HP 3.5L V6 Cylinder Engine Gasoline Fuel
64,435.0HP 5.0L 8 Cylinder Engine Gasoline Fuel
65,567.0HP 4.4L 8 Cylinder Engine Gasoline Fuel
66,175.0HP 3.9L V6 Cylinder Engine Gasoline Fuel
67,400.0HP 3.5L V6 Cylinder Engine Gasoline Fuel
68,490.0HP 6.2L 8 Cylinder Engine Gasoline Fuel
69,425.0HP Electric Motor Electric Fuel System
70,3.6L V6 24V MPFI DOHC
71,325.0HP 6.0L 8 Cylinder Engine Gasoline Fuel
72,385.0HP 3.0L V6 Cylinder Engine Gasoline Fuel
73,244.0HP 2.3L 4 Cylinder Engine Gasoline Fuel
74,335.0HP 4.7L 8 Cylinder Engine Gasoline Fuel
75,240.0HP 3.5L V6 Cylinder Engine Gasoline Fuel
76,241.0HP 2.0L 4 Cylinder Engine Gasoline Fuel
77,340.0HP 3.0L V6 Cylinder Engine Gasoline Fuel
78,304.0HP 3.6L V6 Cylinder Engine Gasoline Fuel
79,260.0HP 3.5L V6 Cylinder Engine Gasoline Fuel
80,518.0HP 5.0L 8 Cylinder Engine Gasoline Fuel
81,255.0HP 3.5L V6 Cylinder Engine Gasoline Fuel
82,381.0HP 5.7L 8 Cylinder Engine Gasoline Fuel
83,228.0HP 2.4L 4 Cylinder Engine Gasoline Fuel
84,150.0HP 2.4L 4 Cylinder Engine Gasoline Fuel
85,250.0HP 2.0L 4 Cylinder Engine Gasoline Fuel
86,282.0HP 4.4L 8 Cylinder Engine Gasoline Fuel
87,325.0HP 2.9L V6 Cylinder Engine Gasoline Fuel
88,240.0HP 3.8L V6 Cylinder Engine Gasoline Fuel
89,437.0HP 3.4L V6 Cylinder Engine Gas/Electric Hybrid
90,395.0HP 5.7L 8 Cylinder Engine Gasoline Fuel
91,255.0HP 2.0L 4 Cylinder Engine Gasoline Fuel
92,218.0HP 2.5L 5 Cylinder Engine Gasoline Fuel
93,5.0L V8 32V PDI DOHC
94,311.0HP 3.8L V6 Cylinder Engine Gasoline Fuel
95,335.0HP 3.0L V6 Cylinder Engine Gasoline/Mild Electric Hybrid
96,330.0HP 3.0L V6 Cylinder Engine Gasoline Fuel
97,283.0HP 3.6L V6 Cylinder Engine Flex Fuel Capability
98,279.0HP 3.5L V6 Cylinder Engine Gasoline Fuel
99,138.0HP 1.4L 4 Cylinder Engine Gasoline Fuel
100,335.0HP 3.0L Straight 6 Cylinder Engine Gasoline Fuel
101,158.0HP 2.0L 4 Cylinder Engine Gasoline Fuel
102,449.0HP 4.7L 8 Cylinder Engine Gasoline Fuel
103,263.0HP 4.7L 8 Cylinder Engine Gasoline Fuel
104,310.0HP 5.3L 8 Cylinder Engine Flex Fuel Capability
105,120.0HP 2.5L 4 Cylinder Engine Gasoline Fuel
106,429.0HP 4.7L 8 Cylinder Engine Gasoline Fuel
107,300.0HP 2.5L 4 Cylinder Engine Gasoline Fuel
108,208.0HP 2.5L 4 Cylinder Engine Gas/Electric Hybrid
109,440.0HP 3.5L V6 Cylinder Engine Gasoline Fuel
110,325.0HP 3.4L Flat 6 Cylinder Engine Gasoline Fuel
111,560.0HP 4.4L 8 Cylinder Engine Gasoline Fuel
112,173.0HP 2.4L 4 Cylinder Engine Gasoline Fuel
113,344.0HP 3.8L V6 Cylinder Engine Gasoline Fuel
114,270.0HP 4.0L V6 Cylinder Engine Gasoline Fuel
115,292.0HP 2.0L 4 Cylinder Engine Gasoline Fuel
116,493.0HP 5.5L 12 Cylinder Engine Gasoline Fuel
117,252.0HP 3.9L 8 Cylinder Engine Gasoline Fuel
118,242.0HP 3.7L 5 Cylinder Engine Gasoline Fuel
119,250.0HP 3.5L V6 Cylinder Engine Gasoline Fuel
120,210.0HP 3.7L V6 Cylinder Engine Gasoline Fuel
121,281.0HP 2.5L 4 Cylinder Engine Gasoline Fuel
122,180.0HP 2.4L 4 Cylinder Engine Gasoline Fuel
123,416.0HP 4.0L 8 Cylinder Engine Gasoline Fuel
124,197.0HP 2.5L 4 Cylinder Engine Gasoline Fuel
125,2.5L I4 16V GDI DOHC Turbo
126,560.0HP 4.0L 8 Cylinder Engine Gasoline Fuel
127,382.0HP 5.5L 8 Cylinder Engine Gasoline Fuel
128,270.0HP 3.5L V6 Cylinder Engine Gasoline Fuel
129,349.0HP 3.0L V6 Cylinder Engine Gasoline Fuel
130,320.0HP 3.0L Straight 6 Cylinder Engine Gasoline Fuel
131,5.7L V8 16V MPFI OHV
132,503.0HP 4.0L 8 Cylinder Engine Gasoline Fuel
133,345.0HP 5.7L 8 Cylinder Engine Gasoline Fuel
134,381.0HP 5.7L 8 Cylinder Engine Flex Fuel Capability
135,455.0HP 6.2L 8 Cylinder Engine Gasoline Fuel
136,210.0HP 2.5L 4 Cylinder Engine Gasoline Fuel
137,310.0HP 5.7L 8 Cylinder Engine Gasoline Fuel
138,350.0HP 3.4L Flat 6 Cylinder Engine Gasoline Fuel
139,261.0HP 1.6L 4 Cylinder Engine Plug-In Electric/Gas
140,5.6L V8 32V GDI DOHC
141,302.0HP 5.0L 8 Cylinder Engine Gasoline Fuel
142,425.0HP 3.0L Straight 6 Cylinder Engine Gasoline Fuel
143,272.0HP 3.5L V6 Cylinder Engine Gasoline Fuel
144,429.0HP 3.0L Straight 6 Cylinder Engine Gasoline/Mild Electric Hybrid
145,379.0HP 3.0L Flat 6 Cylinder Engine Gasoline Fuel
146,518.0HP 6.3L 8 Cylinder Engine Gasoline Fuel
147,326.0HP 3.0L Straight 6 Cylinder Engine Gasoline Fuel
148,328.0HP 3.7L V6 Cylinder Engine Gasoline Fuel
149,316.0HP 2.0L 4 Cylinder Engine Gasoline Fuel
150,181.0HP 1.6L 4 Cylinder Engine Gasoline Fuel
151,278.0HP 4.3L 8 Cylinder Engine Gasoline Fuel
152,220.0HP 2.0L 4 Cylinder Engine Gasoline Fuel
153,611.0HP 3.9L 8 Cylinder Engine Gasoline Fuel
154,510.0HP 5.0L 8 Cylinder Engine Gasoline Fuel
155,3.6L V6 24V GDI DOHC
156,400.0HP 3.6L V6 Cylinder Engine Gasoline Fuel
157,312.0HP 3.6L V6 Cylinder Engine Gasoline Fuel
158,261.0HP 4.0L V6 Cylinder Engine Gasoline Fuel
159,268.0HP 3.5L V6 Cylinder Engine Gasoline Fuel
160,2.0L I4 16V GDI DOHC Turbo
161,562.0HP 3.8L 8 Cylinder Engine Gasoline Fuel
162,292.0HP 4.6L 8 Cylinder Engine Gasoline Fuel
163,201.0HP 2.4L 4 Cylinder Engine Gasoline Fuel
164,370.0HP 5.7L 8 Cylinder Engine Gasoline Fuel
165,460.0HP 5.0L 8 Cylinder Engine Gasoline Fuel
166,400.0HP 6.0L 8 Cylinder Engine Gasoline Fuel
167,350.0HP 2.5L 4 Cylinder Engine Gasoline Fuel
168,3.5L V6 24V PDI DOHC
169,159.0HP 2.7L 4 Cylinder Engine Gasoline Fuel
170,188.0HP 1.6L 4 Cylinder Engine Gasoline Fuel
171,575.0HP 5.0L 8 Cylinder Engine Gasoline Fuel
172,284.0HP 3.5L V6 Cylinder Engine Gasoline Fuel
173,208.0HP 2.0L 4 Cylinder Engine Gasoline Fuel
174,230.0HP 3.0L Straight 6 Cylinder Engine Gasoline Fuel
175,306.0HP 3.5L V6 Cylinder Engine Gasoline Fuel
176,380.0HP 4.6L 8 Cylinder Engine Gasoline Fuel
177,404.0HP 3.0L V6 Cylinder Engine Gasoline Fuel
178,158.0HP 2.4L 4 Cylinder Engine Gasoline Fuel
179,550.0HP 5.0L 8 Cylinder Engine Gasoline Fuel
180,400.0HP 4.8L 8 Cylinder Engine Gasoline Fuel
181,169.0HP 2.4L 4 Cylinder Engine Gasoline Fuel
182,429.0HP 4.6L 8 Cylinder Engine Gasoline Fuel
183,345.0HP 6.0L 8 Cylinder Engine Gasoline Fuel
184,306.0HP 3.8L V6 Cylinder Engine Gasoline Fuel
185,301.0HP 4.6L 8 Cylinder Engine Gasoline Fuel
186,230.0HP 3.2L Straight 6 Cylinder Engine Gasoline Fuel
187,290.0HP 3.5L V6 Cylinder Engine Flex Fuel Capability
188,342.0HP 6.0L 8 Cylinder Engine Flex Fuel Capability
189,200.0HP 3.0L V6 Cylinder Engine Gasoline Fuel
190,300.0HP 5.3L 8 Cylinder Engine Gasoline Fuel
191,550.0HP 5.2L 10 Cylinder Engine Gasoline Fuel
192,320.0HP 5.3L 8 Cylinder Engine Flex Fuel Capability
193,184.0HP 2.5L Straight 6 Cylinder Engine Gasoline Fuel
194,5.0L V8 32V GDI DOHC Supercharged
195,355.0HP 3.0L V6 Cylinder Engine Gasoline Fuel
196,400.0HP 3.8L Flat 6 Cylinder Engine Gasoline Fuel
197,263.0HP 3.5L V6 Cylinder Engine Gasoline Fuel
198,210.0HP 4.0L V6 Cylinder Engine Gasoline Fuel
199,315.0HP 2.7L V6 Cylinder Engine Gasoline Fuel
200,306.0HP 3.5L V6 Cylinder Engine Gas/Electric Hybrid
201,402.0HP 4.7L 8 Cylinder Engine Gasoline Fuel
202,503.0HP 3.0L Straight 6 Cylinder Engine Gasoline Fuel
203,236.0HP 4.0L V6 Cylinder Engine Gasoline Fuel
204,188.0HP 2.0L 4 Cylinder Engine Gasoline Fuel
205,394.0HP 4.2L 8 Cylinder Engine Gasoline Fuel
206,115.0HP 1.6L 4 Cylinder Engine Gasoline Fuel
207,412.0HP 5.0L 8 Cylinder Engine Gasoline Fuel
208,325.0HP 2.7L V6 Cylinder Engine Gasoline Fuel
209,3.0L V6 24V GDI DOHC Twin Turbo
210,280.0HP 3.5L V6 Cylinder Engine Gasoline Fuel
211,155.0HP 2.0L 4 Cylinder Engine Gasoline Fuel
212,323.0HP 3.6L V6 Cylinder Engine Gasoline Fuel
213,202.0HP 2.5L 4 Cylinder Engine Gasoline Fuel
214,170.0HP 2.5L Straight 6 Cylinder Engine Gasoline Fuel
215,600.0HP 4.4L 8 Cylinder Engine Gasoline Fuel
216,536.0HP 5.5L 8 Cylinder Engine Gasoline Fuel
217,303.0HP 5.3L 8 Cylinder Engine Gasoline Fuel
218,2.7L V6 24V PDI DOHC Twin Turbo
219,185.0HP 2.4L 4 Cylinder Engine Gasoline Fuel
220,670.0HP Electric Motor Electric Fuel System
221,335.0HP 4.6L 8 Cylinder Engine Gasoline Fuel
222,293.0HP 3.6L V6 Cylinder Engine Gasoline Fuel
223,375.0HP 2.9L V6 Cylinder Engine Gasoline Fuel
224,603.0HP 4.0L 8 Cylinder Engine Gasoline Fuel
225,4.0L V8 32V GDI DOHC Twin Turbo
226,246.0HP 2.0L 4 Cylinder Engine Gasoline Fuel
227,340.0HP 5.7L 8 Cylinder Engine Gasoline Fuel
228,174.0HP 2.8L V6 Cylinder Engine Gasoline Fuel
229,240.0HP 3.2L Straight 6 Cylinder Engine Gasoline Fuel
230,150.0HP 2.0L 4 Cylinder Engine Gasoline Fuel
231,3.9L V8 32V GDI DOHC Twin Turbo
232,505.0HP 2.9L V6 Cylinder Engine Gasoline Fuel
233,403.0HP 6.2L 8 Cylinder Engine Gasoline Fuel
234,290.0HP 3.5L V6 Cylinder Engine Gasoline Fuel
235,235.0HP 4.7L 8 Cylinder Engine Flex Fuel Capability
236,467.0HP 5.0L 8 Cylinder Engine Gasoline Fuel
237,268.0HP 2.0L 4 Cylinder Engine Gasoline Fuel
238,518.0HP 6.2L 8 Cylinder Engine Gasoline Fuel
239,134.0HP 1.8L 4 Cylinder Engine Gas/Electric Hybrid
240,555.0HP 4.4L 8 Cylinder Engine Gasoline Fuel
241,240.0HP 3.0L V6 Cylinder Engine Diesel Fuel
242,252.0HP 2.0L 4 Cylinder Engine Gasoline Fuel
243,2.4L H4 16V GDI DOHC Turbo
244,300.0HP 4.4L 8 Cylinder Engine Gasoline Fuel
245,195.0HP 4.3L V6 Cylinder Engine Gasoline Fuel
246,245.0HP 5.9L 8 Cylinder Engine Gasoline Fuel
247,310.0HP 2.7L 4 Cylinder Engine Gasoline Fuel
248,200.0HP 2.4L 4 Cylinder Engine Gasoline Fuel
249,400.0HP 4.4L 8 Cylinder Engine Gasoline Fuel
250,591.0HP 4.0L 8 Cylinder Engine Gasoline/Mild Electric Hybrid
251,420.0HP 5.0L 8 Cylinder Engine Gasoline Fuel
252,228.0HP 2.0L 4 Cylinder Engine Gasoline Fuel
253,365.0HP 2.5L 4 Cylinder Engine Gasoline Fuel
254,430.0HP 7.3L 8 Cylinder Engine Gasoline Fuel
255,220.0HP 3.0L V6 Cylinder Engine Gasoline Fuel
256,181.0HP 1.5L 4 Cylinder Engine Gasoline Fuel
257,5.3L V8 16V GDI OHV
258,291.0HP 2.0L 4 Cylinder Engine Gasoline Fuel
259,563.0HP 6.7L 12 Cylinder Engine Gasoline Fuel
260,469.0HP 4.0L 8 Cylinder Engine Gasoline Fuel
261,275.0HP 3.7L V6 Cylinder Engine Gasoline Fuel
262,326.0HP 5.4L 12 Cylinder Engine Gasoline Fuel
263,560.0HP 5.2L 10 Cylinder Engine Gasoline Fuel
264,360.0HP 5.7L 8 Cylinder Engine Gasoline Fuel
265,520.0HP 4.8L 8 Cylinder Engine Gasoline Fuel
266,172.0HP 1.6L 4 Cylinder Engine Gasoline Fuel
267,265.0HP 3.5L V6 Cylinder Engine Gasoline Fuel
268,204.0HP 2.5L V6 Cylinder Engine Gasoline Fuel
269,277.0HP 3.0L Straight 6 Cylinder Engine Diesel Fuel
270,265.0HP 2.0L 4 Cylinder Engine Gasoline Fuel
271,707.0HP 6.2L 8 Cylinder Engine Gasoline Fuel
272,445.0HP 6.6L 8 Cylinder Engine Diesel Fuel
273,475.0HP 6.7L 8 Cylinder Engine Diesel Fuel
274,471.0HP 5.0L 8 Cylinder Engine Gasoline Fuel
275,450.0HP 4.0L 8 Cylinder Engine Gasoline Fuel
276,245.0HP 3.5L V6 Cylinder Engine Gas/Electric Hybrid
277,305.0HP 3.7L V6 Cylinder Engine Gasoline Fuel
278,577.0HP 5.5L 8 Cylinder Engine Gasoline Fuel
279,510.0HP 5.0L 8 Cylinder Engine Flex Fuel Capability
280,295.0HP 5.3L 8 Cylinder Engine Gasoline Fuel
281,290.0HP 4.0L 8 Cylinder Engine Gasoline Fuel
282,543.0HP 3.0L Straight 6 Cylinder Engine Gasoline Fuel
283,2.5L I4 16V GDI DOHC
284,160.0HP 2.4L 4 Cylinder Engine Gasoline Fuel
285,173.0HP 2.7L V6 Cylinder Engine Gasoline Fuel
286,275.0HP 3.5L V6 Cylinder Engine Gasoline Fuel
287,403.0HP 6.2L 8 Cylinder Engine Flex Fuel Capability
288,215.0HP 3.0L Straight 6 Cylinder Engine Gasoline Fuel
289,1.6L I4 16V GDI DOHC Turbo
290,321.0HP 3.6L V6 Cylinder Engine Gasoline Fuel
291,440.0HP 3.6L V6 Cylinder Engine Gasoline Fuel
292,190.0HP 4.3L V6 Cylinder Engine Gasoline Fuel
293,645.0HP 8.4L 10 Cylinder Engine Gasoline Fuel
294,333.0HP 3.2L Straight 6 Cylinder Engine Gasoline Fuel
295,350.0HP 6.7L Straight 6 Cylinder Engine Diesel Fuel
296,5.2L V10 40V GDI DOHC
297,239.0HP 4.0L V6 Cylinder Engine Gasoline Fuel
298,414.0HP 4.0L Flat 6 Cylinder Engine Gasoline Fuel
299,260.0HP 4.0L V6 Cylinder Engine Gasoline Fuel
300,450.0HP 3.5L V6 Cylinder Engine Gasoline Fuel
301,280.0HP 2.0L 4 Cylinder Engine Gasoline Fuel
302,303.0HP 3.7L V6 Cylinder Engine Gasoline Fuel
303,302.0HP 3.5L V6 Cylinder Engine Flex Fuel Capability
304,180.0HP 1.8L 4 Cylinder Engine Gasoline Fuel
305,400.0HP 6.75L 8 Cylinder Engine Gasoline Fuel
306,191.0HP 2.5L 4 Cylinder Engine Gas/Electric Hybrid
307,201.0HP 1.6L 4 Cylinder Engine Gasoline Fuel
308,610.0HP 5.2L 10 Cylinder Engine Gasoline Fuel
309,170.0HP 1.8L 4 Cylinder Engine Gasoline Fuel
310,275.0HP 3.5L V6 Cylinder Engine Flex Fuel Capability
311,316.0HP 6.0L 8 Cylinder Engine Gasoline Fuel
312,240.0HP 4.7L 8 Cylinder Engine Gasoline Fuel
313,397.0HP 6.6L 8 Cylinder Engine Diesel Fuel
314,199.0HP 2.4L 4 Cylinder Engine Gas/Electric Hybrid
315,250.0HP 2.5L 5 Cylinder Engine Gasoline Fuel
316,152.0HP 3.0L V6 Cylinder Engine Flex Fuel Capability
317,280.0HP 3.0L V6 Cylinder Engine Gasoline Fuel
318,385.0HP 5.0L 8 Cylinder Engine Gasoline Fuel
319,225.0HP 3.3L V6 Cylinder Engine Gasoline Fuel
320,315.0HP 4.6L 8 Cylinder Engine Gasoline Fuel
321,188.0HP 3.0L V6 Cylinder Engine Diesel Fuel
322,2.3L I4 16V GDI DOHC Turbo
323,264.0HP 3.0L V6 Cylinder Engine Gasoline Fuel
324,563.0HP 6.6L 12 Cylinder Engine Gasoline Fuel
325,174.0HP 2.0L 4 Cylinder Engine Gasoline Fuel
326,365.0HP 3.3L V6 Cylinder Engine Gasoline Fuel
327,3.0L V6 24V GDI DOHC Supercharged
328,395.0HP 5.0L 8 Cylinder Engine Flex Fuel Capability
329,255.0HP 5.4L 8 Cylinder Engine Flex Fuel Capability
330,215.0HP 2.5L Straight 6 Cylinder Engine Gasoline Fuel
331,641.0HP 4.0L 8 Cylinder Engine Gasoline Fuel
332,563.0HP 5.5L 8 Cylinder Engine Gasoline Fuel
333,5.7L V8 32V MPFI DOHC
334,276.0HP 3.6L V6 Cylinder Engine Gasoline Fuel
335,3.0L V6 24V GDI DOHC Turbo
336,355.0HP 3.8L Flat 6 Cylinder Engine Gasoline Fuel
337,6.0L V8 16V MPFI OHV Flexible Fuel
338,362.0HP 3.0L V6 Cylinder Engine Gasoline Fuel
339,4.0L H6 24V GDI DOHC
340,335.0HP 3.0L V6 Cylinder Engine Gasoline Fuel
341,6.0L W12 48V PDI DOHC Twin Turbo
342,395.0HP 3.0L Straight 6 Cylinder Engine Gasoline/Mild Electric Hybrid
343,245.0HP 2.0L 4 Cylinder Engine Gasoline Fuel
344,385.0HP 6.2L 8 Cylinder Engine Flex Fuel Capability
345,330.0HP 3.7L V6 Cylinder Engine Gasoline Fuel
346,2.0L I4 16V GDI DOHC
347,210.0HP 3.3L V6 Cylinder Engine Gasoline Fuel
348,265.0HP 2.5L 4 Cylinder Engine Gasoline Fuel
349,416.0HP 5.0L 8 Cylinder Engine Gasoline Fuel
350,369.0HP 3.0L Straight 6 Cylinder Engine Gasoline/Mild Electric Hybrid
351,3.3L V6 24V GDI DOHC
352,240.0HP 2.7L Flat 6 Cylinder Engine Gasoline Fuel
353,147.0HP 2.4L 4 Cylinder Engine Gas/Electric Hybrid
354,443.0HP 3.0L Flat 6 Cylinder Engine Gasoline Fuel
355,169.0HP 2.5L 4 Cylinder Engine Flex Fuel Capability
356,315.0HP 2.0L 4 Cylinder Engine Gasoline Fuel
357,360.0HP 4.6L 8 Cylinder Engine Gasoline Fuel
358,278.0HP 3.5L V6 Cylinder Engine Gasoline Fuel
359,260.0HP 3.8L V6 Cylinder Engine Gasoline Fuel
360,300.0HP 5.4L 8 Cylinder Engine Gasoline Fuel
361,142.0HP 1.8L 4 Cylinder Engine Gasoline Fuel
362,161.0HP 2.4L 4 Cylinder Engine Gasoline Fuel
363,380.0HP 3.5L V6 Cylinder Engine Gasoline Fuel
364,248.0HP 2.0L 4 Cylinder Engine Gasoline/Mild Electric Hybrid
365,565.0HP 3.8L V6 Cylinder Engine Gasoline Fuel
366,430.0HP 6.2L 8 Cylinder Engine Gasoline Fuel
367,416.0HP 3.5L V6 Cylinder Engine Gasoline Fuel
368,6.8L V12 48V GDI DOHC Twin Turbo
369,6.4L V8 16V MPFI OHV
370,300.0HP 2.3L 4 Cylinder Engine Gasoline Fuel
371,270.0HP 3.0L V6 Cylinder Engine Gasoline Fuel
372,189.0HP 2.0L 4 Cylinder Engine Gasoline Fuel
373,480.0HP 3.6L Flat 6 Cylinder Engine Gasoline Fuel
374,285.0HP 4.8L 8 Cylinder Engine Gasoline Fuel
375,285.0HP 5.7L 8 Cylinder Engine Gasoline Fuel
376,290.0HP 3.3L V6 Cylinder Engine Gasoline Fuel
377,360.0HP 4.8L 8 Cylinder Engine Gasoline Fuel
378,305.0HP 5.6L 8 Cylinder Engine Gasoline Fuel
379,485.0HP 6.4L 8 Cylinder Engine Gasoline Fuel
380,220.0HP 2.0L 4 Cylinder Engine Flex Fuel Capability
381,603.0HP 4.0L 8 Cylinder Engine Gasoline/Mild Electric Hybrid
382,414.0HP 4.0L 8 Cylinder Engine Gasoline Fuel
383,2.5L I4 16V PDI DOHC
384,383.0HP 5.7L 8 Cylinder Engine Gasoline Fuel
385,166.0HP 2.4L 4 Cylinder Engine Gasoline Fuel
386,295.0HP 3.5L V6 Cylinder Engine Gas/Electric Hybrid
387,310.0HP 6.8L 10 Cylinder Engine Gasoline Fuel
388,4.0L V8 32V MPFI DOHC Twin Turbo
389,260.0HP 2.0L 4 Cylinder Engine Gasoline Fuel
390,385.0HP 3.8L Flat 6 Cylinder Engine Gasoline Fuel
391,444.0HP 3.0L Straight 6 Cylinder Engine Gasoline Fuel
392,502.0HP 4.0L Flat 6 Cylinder Engine Gasoline Fuel
393,275.0HP 2.3L 4 Cylinder Engine Gasoline Fuel
394,181.0HP 4.0L Straight 6 Cylinder Engine Gasoline Fuel
395,188.0HP 2.0L 4 Cylinder Engine Gas/Electric Hybrid
396,280.0HP 3.6L V6 Cylinder Engine Gasoline Fuel
397,305.0HP 6.8L 10 Cylinder Engine Gasoline Fuel
398,353.0HP 6.0L 8 Cylinder Engine Gasoline Fuel
399,174.0HP 1.5L 4 Cylinder Engine Gasoline Fuel
400,420.0HP 3.0L Flat 6 Cylinder Engine Gasoline Fuel
401,227.0HP 2.5L 4 Cylinder Engine Gasoline Fuel
402,266.0HP 3.5L V6 Cylinder Engine Gasoline Fuel
403,350.0HP 5.7L 8 Cylinder Engine Gasoline Fuel
404,210.0HP 2.0L 4 Cylinder Engine Gasoline Fuel
405,355.0HP 5.3L 8 Cylinder Engine Flex Fuel Capability
406,577.0HP 4.0L 8 Cylinder Engine Gasoline Fuel
407,273.0HP 3.7L V6 Cylinder Engine Gasoline Fuel
408,300.0HP 3.4L Flat 6 Cylinder Engine Gasoline Fuel
409,282.0HP 4.7L 8 Cylinder Engine Gasoline Fuel
410,182.0HP 2.5L 4 Cylinder Engine Gasoline Fuel
411,2.0L I4 16V PDI DOHC Turbo
412,275.0HP 3.7L V6 Cylinder Engine Flex Fuel Capability
413,451.0HP 6.3L 8 Cylinder Engine Gasoline Fuel
414,426.0HP 6.2L 8 Cylinder Engine Gasoline Fuel
415,220.0HP 3.5L 5 Cylinder Engine Gasoline Fuel
416,161.0HP 2.0L 4 Cylinder Engine Diesel Fuel
417,140.0HP 2.8L V6 Cylinder Engine Gasoline Fuel
418,463.0HP 4.0L 8 Cylinder Engine Gasoline Fuel
419,239.0HP 4.6L 8 Cylinder Engine Gasoline Fuel
420,362.0HP 4.6L 8 Cylinder Engine Gasoline Fuel
421,393.0HP 6.2L 8 Cylinder Engine Gasoline Fuel
422,151.0HP Electric Motor Hydrogen Fuel
423,470.0HP 6.4L 8 Cylinder Engine Gasoline Fuel
424,400.0HP 5.6L 8 Cylinder Engine Gasoline Fuel
425,290.0HP Electric Motor Electric Fuel System
426,3.5L V6 24V GDI SOHC
427,230.0HP 3.3L V6 Cylinder Engine Gasoline Fuel
428,456.0HP 4.4L 8 Cylinder Engine Gasoline Fuel
429,272.0HP 2.0L 4 Cylinder Engine Gasoline Fuel
430,330.0HP 2.0L 4 Cylinder Engine Gasoline Fuel
431,140.0HP 2.4L 4 Cylinder Engine Gasoline Fuel
432,315.0HP 5.3L 8 Cylinder Engine Flex Fuel Capability
433,292.0HP 3.6L V6 Cylinder Engine Gasoline Fuel
434,192.0HP 2.4L 4 Cylinder Engine Gasoline Fuel
435,455.0HP Electric Motor Electric Fuel System
436,305.0HP 5.7L 8 Cylinder Engine Gasoline Fuel
437,390.0HP 5.6L 8 Cylinder Engine Gasoline Fuel
438,440.0HP 4.8L 8 Cylinder Engine Gasoline Fuel
439,4.6L V8 32V MPFI DOHC
440,308.0HP 3.6L V6 Cylinder Engine Gasoline Fuel
441,230.0HP 4.7L 8 Cylinder Engine Gasoline Fuel
442,605.0HP 4.0L 8 Cylinder Engine Gasoline Fuel
443,206.0HP 2.4L 4 Cylinder Engine Gasoline Fuel
444,475.0HP 3.8L Flat 6 Cylinder Engine Gasoline Fuel
445,500.0HP Electric Motor Electric Fuel System
446,187.0HP 2.5L 4 Cylinder Engine Gasoline Fuel
447,473.0HP 3.0L Flat 6 Cylinder Engine Gasoline Fuel
448,550.0HP 4.8L 8 Cylinder Engine Gasoline Fuel
449,3.0L I6 24V GDI DOHC Turbo
450,372.0HP 5.7L 8 Cylinder Engine Gasoline Fuel
451,148.0HP 2.0L 4 Cylinder Engine Gasoline Fuel
452,553.0HP 3.9L 8 Cylinder Engine Gasoline Fuel
453,160.0HP 2.0L 4 Cylinder Engine Flex Fuel Capability
454,310.0HP 3.6L V6 Cylinder Engine Gasoline Fuel
455,272.0HP 3.0L V6 Cylinder Engine Gasoline Fuel
456,420.0HP 3.6L V6 Cylinder Engine Gasoline Fuel
457,540.0HP 5.4L 8 Cylinder Engine Gasoline Fuel
458,310.0HP 4.6L 8 Cylinder Engine Gasoline Fuel
459,173.0HP 2.5L 4 Cylinder Engine Gasoline Fuel
460,285.0HP 3.6L V6 Cylinder Engine Gasoline/Mild Electric Hybrid
461,147.0HP 2.0L 4 Cylinder Engine Gasoline Fuel
462,300.0HP 3.5L V6 Cylinder Engine Gasoline Fuel
463,385.0HP 5.0L 8 Cylinder Engine Flex Fuel Capability
464,300.0HP 3.0L V6 Cylinder Engine Gasoline Fuel
465,171.0HP 2.5L 4 Cylinder Engine Gasoline Fuel
466,156.0HP 2.0L 4 Cylinder Engine Gasoline Fuel
467,454.0HP 4.7L 8 Cylinder Engine Gasoline Fuel
468,580.0HP 3.8L Flat 6 Cylinder Engine Gasoline Fuel
469,420.0HP 4.8L 8 Cylinder Engine Gasoline Fuel
470,232.0HP 1.3L Rotary engine Gasoline Fuel
471,208.0HP 2.0L 4 Cylinder Engine Flex Fuel Capability
472,400.0HP 3.0L V6 Cylinder Engine Gasoline Fuel
473,201.0HP 1.8L 4 Cylinder Engine Gasoline Fuel
474,552.0HP 6.0L 12 Cylinder Engine Gasoline Fuel
475,389.0HP 3.4L V6 Cylinder Engine Gasoline Fuel
476,332.0HP 3.7L V6 Cylinder Engine Gasoline Fuel
477,190.0HP 2.4L 4 Cylinder Engine Gasoline Fuel
478,290.0HP 4.3L 8 Cylinder Engine Gasoline Fuel
479,335.0HP 2.7L V6 Cylinder Engine Gasoline Fuel
480,V6
481,179.0HP 2.5L 4 Cylinder Engine Gasoline Fuel
482,203.0HP 2.5L 4 Cylinder Engine Gasoline Fuel
483,275.0HP 2.7L Flat 6 Cylinder Engine Gasoline Fuel
484,425.0HP 6.1L 8 Cylinder Engine Gasoline Fuel
485,401.0HP 6.6L 8 Cylinder Engine Gasoline Fuel
486,325.0HP 3.6L Flat 6 Cylinder Engine Gasoline Fuel
487,430.0HP 4.7L 8 Cylinder Engine Gasoline Fuel
488,227.0HP 2.5L 5 Cylinder Engine Gasoline Fuel
489,325.0HP 6.0L 8 Cylinder Engine Diesel Fuel
490,240.0HP 3.0L V6 Cylinder Engine Flex Fuel Capability
491,6.7L V12 48V GDI DOHC Twin Turbo
492,4.0L V6 24V MPFI DOHC
493,295.0HP 3.6L V6 Cylinder Engine Flex Fuel Capability
494,286.0HP 3.5L V6 Cylinder Engine Gasoline Fuel
495,170.0HP 2.5L 5 Cylinder Engine Gasoline Fuel
496,430.0HP 3.8L Flat 6 Cylinder Engine Gasoline Fuel
497,156.0HP 2.3L 4 Cylinder Engine Gasoline Fuel
498,172.0HP 2.4L 4 Cylinder Engine Gasoline Fuel
499,180.0HP 6.5L 8 Cylinder Engine Diesel Fuel
500,320.0HP 5.3L 8 Cylinder Engine Gasoline Fuel
501,335.0HP 3.6L V6 Cylinder Engine Gasoline Fuel
502,315.0HP 3.0L Straight 6 Cylinder Engine Gasoline Fuel
503,400.0HP 6.7L Straight 6 Cylinder Engine Diesel Fuel
504,4.4L V8 32V GDI DOHC Twin Turbo
505,2.5L 4 Cylinder Engine Gasoline Fuel
506,545.0HP 3.8L V6 Cylinder Engine Gasoline Fuel
507,288.0HP 3.6L V6 Cylinder Engine Gasoline Fuel
508,300.0HP 4.6L 8 Cylinder Engine Gasoline Fuel
509,160.0HP 2.0L 4 Cylinder Engine Gasoline Fuel
510,340.0HP 4.2L 8 Cylinder Engine Gasoline Fuel
511,138.0HP 1.6L 4 Cylinder Engine Gasoline Fuel
512,191.0HP 2.5L 4 Cylinder Engine Gasoline Fuel
513,350.0HP 3.7L V6 Cylinder Engine Gasoline Fuel
514,136.0HP 2.0L 4 Cylinder Engine Gasoline Fuel
515,134.0HP 1.8L 4 Cylinder Engine Plug-In Electric/Gas
516,3.6L V6 24V MPFI DOHC Flexible Fuel
517,205.0HP 3.8L V6 Cylinder Engine Gasoline Fuel
518,201.0HP 3.5L V6 Cylinder Engine Gasoline Fuel
519,409.0HP 3.4L V6 Cylinder Engine Gasoline Fuel
520,389.0HP 3.0L Straight 6 Cylinder Engine Plug-In Electric/Gas
521,473.0HP 3.0L Straight 6 Cylinder Engine Gasoline Fuel
522,571.0HP 6.2L 12 Cylinder Engine Gasoline Fuel
523,296.0HP 2.0L 4 Cylinder Engine Gasoline Fuel
524,260.0HP 2.4L 4 Cylinder Engine Gasoline Fuel
525,355.0HP 5.7L 8 Cylinder Engine Gasoline Fuel
526,355.0HP 2.0L 4 Cylinder Engine Gasoline Fuel
527,190.0HP 2.8L Straight 6 Cylinder Engine Gasoline Fuel
528,1.5L I3 12V PDI DOHC Turbo
529,283.0HP 3.6L V6 Cylinder Engine Gasoline Fuel
530,420.0HP 4.2L 8 Cylinder Engine Gasoline Fuel
531,184.0HP 2.5L 4 Cylinder Engine Gasoline Fuel
532,330.0HP 3.4L Flat 6 Cylinder Engine Gasoline Fuel
533,550.0HP 4.0L 8 Cylinder Engine Gasoline Fuel
534,500.0HP 5.0L 10 Cylinder Engine Gasoline Fuel
535,165.0HP 2.5L 4 Cylinder Engine Gasoline Fuel
536,280.0HP 3.2L Flat 6 Cylinder Engine Gasoline Fuel
537,835.0HP Electric Motor Electric Fuel System
538,572.0HP 3.8L Flat 6 Cylinder Engine Gasoline Fuel
539,211.0HP 2.0L 4 Cylinder Engine Diesel Fuel
540,382.0HP 3.0L Straight 6 Cylinder Engine Gasoline Fuel
541,370.0HP 6.7L Straight 6 Cylinder Engine Diesel Fuel
542,235.0HP 3.2L Straight 6 Cylinder Engine Gasoline Fuel
543,225.0HP 3.0L Straight 6 Cylinder Engine Gasoline Fuel
544,230.0HP 5.2L 8 Cylinder Engine Gasoline Fuel
545,362.0HP 3.0L Straight 6 Cylinder Engine Gasoline/Mild Electric Hybrid
546,630.0HP 4.0L 8 Cylinder Engine Gasoline Fuel
547,329.0HP 3.0L V6 Cylinder Engine Gasoline Fuel
548,2.5L I4 16V MPFI DOHC
549,526.0HP 5.2L 8 Cylinder Engine Gasoline Fuel
550,245.0HP 4.0L V6 Cylinder Engine Gasoline Fuel
551,5.2L V12 48V GDI DOHC Twin Turbo
552,287.0HP 3.5L V6 Cylinder Engine Gasoline Fuel
553,235.0HP 4.7L 8 Cylinder Engine Gasoline Fuel
554,265.0HP 2.9L Flat 6 Cylinder Engine Gasoline Fuel
555,188.0HP 2.0L 4 Cylinder Engine Plug-In Electric/Gas
556,582.0HP 6.0L 12 Cylinder Engine Gasoline Fuel
557,147.0HP 1.4L 4 Cylinder Engine Gasoline Fuel
558,247.0HP 2.0L 4 Cylinder Engine Plug-In Electric/Gas
559,181.0HP 1.5L 3 Cylinder Engine Gasoline Fuel
560,295.0HP 3.6L V6 Cylinder Engine Gasoline Fuel
561,2.0L I4 16V GDI DOHC Turbo Hybrid
562,305.0HP 2.5L 4 Cylinder Engine Gasoline Fuel
563,200.0HP 2.5L 4 Cylinder Engine Gas/Electric Hybrid
564,206.0HP 2.4L 4 Cylinder Engine Gas/Electric Hybrid
565,455.0HP 2.0L 4 Cylinder Engine Plug-In Electric/Gas
566,201.0HP 2.0L 4 Cylinder Engine Gasoline Fuel
567,133.0HP 2.2L 4 Cylinder Engine Gasoline Fuel
568,475.0HP 6.4L 8 Cylinder Engine Gasoline Fuel
569,460.0HP 6.2L 8 Cylinder Engine Gasoline Fuel
570,760.0HP 5.2L 8 Cylinder Engine Gasoline Fuel
571,450.0HP 4.2L 8 Cylinder Engine Gasoline Fuel
572,318.0HP 3.6L V6 Cylinder Engine Gasoline Fuel
573,354.0HP 3.5L V6 Cylinder Engine Gas/Electric Hybrid
574,3.0L H6 24V GDI DOHC Twin Turbo
575,500.0HP 8.3L 10 Cylinder Engine Gasoline Fuel
576,285.0HP 5.3L 8 Cylinder Engine Gasoline Fuel
577,390.0HP 6.0L 8 Cylinder Engine Gasoline Fuel
578,670.0HP 5.5L 8 Cylinder Engine Gasoline Fuel
579,170.0HP 2.5L 4 Cylinder Engine Gasoline Fuel
580,145.0HP 1.8L 4 Cylinder Engine Gasoline Fuel
581,197.0HP 3.8L V6 Cylinder Engine Gasoline Fuel
582,600.0HP 6.0L 12 Cylinder Engine Gasoline Fuel
583,300.0HP 3.7L V6 Cylinder Engine Flex Fuel Capability
584,258.0HP 3.2L V6 Cylinder Engine Gasoline Fuel
585,453.0HP 4.0L 8 Cylinder Engine Gasoline Fuel
586,244.0HP 3.5L V6 Cylinder Engine Gasoline Fuel
587,115.0HP 1.7L 4 Cylinder Engine Gasoline Fuel
588,239.0HP 3.7L 5 Cylinder Engine Gasoline Fuel
589,225.0HP 4.6L 8 Cylinder Engine Gasoline Fuel
590,640.0HP 6.2L 8 Cylinder Engine Gasoline Fuel
591,237.0HP 2.0L 4 Cylinder Engine Gasoline Fuel
592,294.0HP 4.2L 8 Cylinder Engine Gasoline Fuel
593,3.4L H6 24V MPFI DOHC
594,207.0HP 4.0L V6 Cylinder Engine Gasoline Fuel
595,471.0HP 6.4L 8 Cylinder Engine Gasoline Fuel
596,2.0 Liter Turbo
597,340.0HP 3.0L V6 Cylinder Engine Flex Fuel Capability
598,390.0HP 4.6L 8 Cylinder Engine Gasoline Fuel
599,197.0HP 1.6L 4 Cylinder Engine Gasoline Fuel
600,227.0HP 1.6L 4 Cylinder Engine Gas/Electric Hybrid
601,525.0HP 5.2L 10 Cylinder Engine Gasoline Fuel
602,215.0HP 3.2L V6 Cylinder Engine Gasoline Fuel
603,153.0HP 2.3L 4 Cylinder Engine Gasoline Fuel
604,416.0HP 3.0L V6 Cylinder Engine Plug-In Electric/Gas
605,3.8L V6 24V GDI DOHC
606,395.0HP 6.0L 8 Cylinder Engine Gasoline Fuel
607,143.0HP 1.8L 4 Cylinder Engine Gasoline Fuel
608,616.0HP 6.0L 12 Cylinder Engine Gasoline Fuel
609,260.0HP 5.4L 8 Cylinder Engine Gasoline Fuel
610,200.0HP 4.3L V6 Cylinder Engine Gasoline Fuel
611,290.0HP 3.6L V6 Cylinder Engine Flex Fuel Capability
612,132.0HP 1.8L 4 Cylinder Engine Gasoline Fuel
613,322.0HP 2.0L 4 Cylinder Engine Plug-In Electric/Gas
614,523.0HP 6.0L 12 Cylinder Engine Gasoline Fuel
615,115.0HP 2.0L 4 Cylinder Engine Gasoline Fuel
616,550.0HP 5.5L 8 Cylinder Engine Gasoline Fuel
617,480.0HP 3.8L V6 Cylinder Engine Gasoline Fuel
618,1.4L I4 16V GDI DOHC Turbo
619,411.0HP 6.2L 8 Cylinder Engine Gasoline Fuel
620,617.0HP 4.4L 8 Cylinder Engine Gasoline Fuel
621,217.0HP 4.6L 8 Cylinder Engine Gasoline Fuel
622,3.5 Liter GTDI
623,602.0HP 5.2L 10 Cylinder Engine Gasoline Fuel
624,316.0HP 6.2L 8 Cylinder Engine Flex Fuel Capability
625,410.0HP 6.4L 8 Cylinder Engine Gasoline Fuel
626,225.0HP 4.6L 8 Cylinder Engine Flex Fuel Capability
627,176.0HP 2.5L 4 Cylinder Engine Gasoline Fuel
628,295.0HP 5.3L 8 Cylinder Engine Flex Fuel Capability
629,201.0HP 2.5L Flat 6 Cylinder Engine Gasoline Fuel
630,1.3L I3 12V GDI DOHC Turbo
631,300.0HP 2.5L 5 Cylinder Engine Gasoline Fuel
632,160.0HP 1.5L 4 Cylinder Engine Gasoline Fuel
633,317.0HP 5.6L 8 Cylinder Engine Gasoline Fuel
634,212.0HP 2.0L 4 Cylinder Engine Gas/Electric Hybrid
635,717.0HP 6.2L 8 Cylinder Engine Gasoline Fuel
636,3.0L I6 24V DDI DOHC Turbo Diesel
637,231.0HP 2.0L 4 Cylinder Engine Gasoline Fuel
638,186.0HP 2.5L 4 Cylinder Engine Gasoline Fuel
639,286.0HP 2.0L 4 Cylinder Engine Gasoline Fuel
640,170.0HP 1.5L 4 Cylinder Engine Gasoline Fuel
641,360.0HP 2.5L 5 Cylinder Engine Gasoline Fuel
642,450.0HP 4.5L 8 Cylinder Engine Gasoline Fuel
643,136.0HP 1.8L 4 Cylinder Engine Gasoline Fuel
644,451.0HP 6.2L 8 Cylinder Engine Gasoline Fuel
645,Electric Motor Electric Fuel System
646,444.0HP 2.9L V6 Cylinder Engine Gasoline/Mild Electric Hybrid
647,260.0HP 5.7L 8 Cylinder Engine Gasoline Fuel
648,235.0HP 2.0L 4 Cylinder Engine Gasoline Fuel
649,270.0HP 4.8L 8 Cylinder Engine Gasoline Fuel
650,355.0HP 3.0L Straight 6 Cylinder Engine Gasoline/Mild Electric Hybrid
651,400.0HP 4.2L 8 Cylinder Engine Gasoline Fuel
652,298.0HP 3.5L V6 Cylinder Engine Gasoline Fuel
653,300.0HP 4.3L 8 Cylinder Engine Gasoline Fuel
654,175.0HP 1.6L 4 Cylinder Engine Gasoline Fuel
655,296.0HP 2.0L 4 Cylinder Engine Gasoline/Mild Electric Hybrid
656,281.0HP 3.6L V6 Cylinder Engine Gasoline Fuel
657,237.0HP 2.2L 4 Cylinder Engine Gasoline Fuel
658,121.0HP 1.8L 4 Cylinder Engine Gas/Electric Hybrid
659,6.2L V8 16V GDI OHV
660,2.5L
661,2.0L I4 16V MPFI DOHC
662,390.0HP 4.2L 8 Cylinder Engine Gasoline Fuel
663,180.0HP 2.5L 4 Cylinder Engine Gasoline Fuel
664,797.0HP 6.2L 8 Cylinder Engine Gasoline Fuel
665,405.0HP 3.0L Straight 6 Cylinder Engine Gasoline Fuel
666,308.0HP 3.6L V6 Cylinder Engine Flex Fuel Capability
667,300.0HP 5.7L 8 Cylinder Engine Gasoline Fuel
668,500.0HP 4.8L 8 Cylinder Engine Gasoline Fuel
669,2.5L I4 16V PDI DOHC Turbo
670,550.0HP 5.4L 8 Cylinder Engine Gasoline Fuel
671,4.7L 8 Cylinder Engine Gasoline Fuel
672,360.0HP 3.5L V6 Cylinder Engine Gas/Electric Hybrid
673,591.0HP 4.0L 8 Cylinder Engine Gasoline Fuel
674,402.0HP 4.6L 8 Cylinder Engine Gasoline Fuel
675,275.0HP 4.8L 8 Cylinder Engine Gasoline Fuel
676,382.0HP 2.0L 4 Cylinder Engine Gasoline Fuel
677,759.0HP 6.5L 12 Cylinder Engine Gasoline Fuel
678,6.0L 8 Cylinder Engine Gasoline Fuel
679,313.0HP 2.0L 4 Cylinder Engine Plug-In Electric/Gas
680,212.0HP 1.5L 4 Cylinder Engine Plug-In Electric/Gas
681,131.0HP 2.0L 4 Cylinder Engine Gasoline Fuel
682,179.0HP 1.5L 4 Cylinder Engine Gasoline Fuel
683,255.0HP 4.8L 8 Cylinder Engine Gasoline Fuel
684,348.0HP 3.0L V6 Cylinder Engine Gasoline Fuel
685,285.0HP 4.3L V6 Cylinder Engine Flex Fuel Capability
686,224.0HP 2.5L 4 Cylinder Engine Gasoline Fuel
687,453.0HP 3.0L Straight 6 Cylinder Engine Gasoline Fuel
688,3.5L V6 24V MPFI DOHC
689,180.0HP 2.0L 4 Cylinder Engine Gasoline Fuel
690,2.4L I4 16V GDI DOHC
691,375.0HP 3.0L Straight 6 Cylinder Engine Gasoline/Mild Electric Hybrid
692,485.0HP 3.8L V6 Cylinder Engine Gasoline Fuel
693,390.0HP 5.0L 8 Cylinder Engine Gasoline Fuel
694,310.0HP 5.4L 8 Cylinder Engine Flex Fuel Capability
695,375.0HP 2.0L 4 Cylinder Engine Gasoline Fuel
696,330.0HP 5.7L 8 Cylinder Engine Gasoline Fuel
697,550.0HP 5.0L 8 Cylinder Engine Flex Fuel Capability
698,265.0HP 4.0L V6 Cylinder Engine Gasoline Fuel
699,542.0HP 4.0L 8 Cylinder Engine Gasoline Fuel
700,192.0HP 1.5L 4 Cylinder Engine Gasoline Fuel
701,210.0HP 2.0L 4 Cylinder Engine Diesel Fuel
702,275.0HP 4.6L 8 Cylinder Engine Gasoline Fuel
703,270.0HP 2.3L 4 Cylinder Engine Gasoline Fuel
704,2.9 Liter Turbo
705,320.0HP 3.6L Flat 6 Cylinder Engine Gasoline Fuel
706,405.0HP 5.7L 8 Cylinder Engine Gasoline Fuel
707,122.0HP 1.8L 4 Cylinder Engine Gasoline Fuel
708,198.0HP 2.4L 4 Cylinder Engine Gasoline Fuel
709,250.0HP 7.3L 8 Cylinder Engine Diesel Fuel
710,715.0HP 5.2L 12 Cylinder Engine Gasoline Fuel
711,375.0HP 5.7L 8 Cylinder Engine Gasoline Fuel
712,302.0HP 4.6L 8 Cylinder Engine Gasoline Fuel
713,260.0HP 4.6L 8 Cylinder Engine Gasoline Fuel
714,444.0HP 2.9L V6 Cylinder Engine Gasoline Fuel
715,354.0HP 4.2L 8 Cylinder Engine Gasoline Fuel
716,262.0HP 3.5L V6 Cylinder Engine Gasoline Fuel
717,256.0HP 3.6L Flat 6 Cylinder Engine Gasoline Fuel
718,255.0HP 3.2L V6 Cylinder Engine Gasoline Fuel
719,540.0HP 3.8L Flat 6 Cylinder Engine Gasoline Fuel
720,200.0HP 1.6L 4 Cylinder Engine Gasoline Fuel
721,166.0HP 2.0L 4 Cylinder Engine Gasoline Fuel
722,255.0HP 3.0L Straight 6 Cylinder Engine Gasoline Fuel
723,130.0HP 1.8L 4 Cylinder Engine Gasoline Fuel
724,260.0HP 3.6L V6 Cylinder Engine Gasoline Fuel
725,302.0HP 2.5L 4 Cylinder Engine Plug-In Electric/Gas
726,265.0HP 3.0L V6 Cylinder Engine Gasoline Fuel
727,429.0HP 5.0L 8 Cylinder Engine Gasoline Fuel
728,363.0HP 5.7L 8 Cylinder Engine Gasoline Fuel
729,400.0HP 6.7L 8 Cylinder Engine Diesel Fuel
730,190.0HP 2.3L 4 Cylinder Engine Gasoline Fuel
731,366.0HP 6.0L 8 Cylinder Engine Gasoline Fuel
732,308.0HP 3.5L V6 Cylinder Engine Gas/Electric Hybrid
733,173.0HP 1.6L 4 Cylinder Engine Gasoline Fuel
734,305.0HP 3.6L V6 Cylinder Engine Flex Fuel Capability
735,273.0HP 4.7L 8 Cylinder Engine Gasoline Fuel
736,350.0HP 2.3L 4 Cylinder Engine Gasoline Fuel
737,245.0HP 5.9L Straight 6 Cylinder Engine Diesel Fuel
738,562.0HP 5.2L 10 Cylinder Engine Gasoline Fuel
739,276.0HP 3.5L V6 Cylinder Engine Gasoline Fuel
740,390.0HP 5.7L 8 Cylinder Engine Gasoline Fuel
741,405.0HP 4.2L 8 Cylinder Engine Gasoline Fuel
742,271.0HP 2.4L 4 Cylinder Engine Gasoline Fuel
743,270.0HP 3.2L V6 Cylinder Engine Gasoline Fuel
744,450.0HP 3.0L Flat 6 Cylinder Engine Gasoline Fuel
745,556.0HP 6.2L 8 Cylinder Engine Gasoline Fuel
746,192.0HP 2.0L 4 Cylinder Engine Gas/Electric Hybrid
747,255.0HP 3.6L V6 Cylinder Engine Gasoline Fuel
748,6.6L V8 16V GDI OHV
749,378.0HP 4.6L 8 Cylinder Engine Gasoline Fuel
750,168.0HP 1.6L 4 Cylinder Engine Gasoline Fuel
751,350.0HP 6.4L 8 Cylinder Engine Diesel Fuel
752,444.0HP 4.7L 8 Cylinder Engine Gasoline Fuel
753,280.0HP 2.8L V6 Cylinder Engine Gasoline Fuel
754,300.0HP 6.6L 8 Cylinder Engine Diesel Fuel
755,400.0HP 6.2L 8 Cylinder Engine Gasoline Fuel
756,154.0HP 2.7L 5 Cylinder Engine Diesel Fuel
757,3.8L H6 24V GDI DOHC Twin Turbo
758,2.0L I4 16V GDI SOHC Turbo
759,303.0HP 3.4L Flat 6 Cylinder Engine Gasoline Fuel
760,324.0HP 6.0L 8 Cylinder Engine Flex Fuel Capability
761,563.0HP Electric Motor Electric Fuel System
762,151.0HP 1.5L 4 Cylinder Engine Gas/Electric Hybrid
763,341.0HP 6.0L 8 Cylinder Engine Flex Fuel Capability
764,362.0HP 5.4L 8 Cylinder Engine Gasoline Fuel
765,640.0HP 3.8L Flat 6 Cylinder Engine Gasoline Fuel
766,181.0HP 2.0L 4 Cylinder Engine Gasoline Fuel
767,242.0HP 3.3L V6 Cylinder Engine Gasoline Fuel
768,256.0HP 2.0L 4 Cylinder Engine Gasoline Fuel
769,540.0HP 4.4L 8 Cylinder Engine Gasoline Fuel
770,518.0HP Electric Motor Electric Fuel System
771,106.0HP 1.5L 4 Cylinder Engine Gasoline Fuel
772,261.0HP 2.0L 4 Cylinder Engine Gasoline Fuel
773,510.0HP 5.5L 12 Cylinder Engine Gasoline Fuel
774,385.0HP 6.7L Straight 6 Cylinder Engine Diesel Fuel
775,263.0HP 2.3L 4 Cylinder Engine Gasoline Fuel
776,182.0HP 2.4L 4 Cylinder Engine Gasoline/Mild Electric Hybrid
777,3.8L V8 32V GDI DOHC Twin Turbo
778,120.0HP 1.6L 4 Cylinder Engine Gasoline Fuel
779,271.0HP 3.5L V6 Cylinder Engine Gasoline Fuel
780,369.0HP 1.5L 3 Cylinder Engine Plug-In Electric/Gas
781,300.0HP 2.0L 4 Cylinder Engine Gasoline Fuel
782,5.0L 8 Cylinder
783,250.0HP 3.0L V6 Cylinder Engine Diesel Fuel
784,3.2L H6 24V MPFI DOHC
785,345.0HP 3.0L V6 Cylinder Engine Gasoline Fuel
786,160.0HP 1.4L 4 Cylinder Engine Gasoline Fuel
787,483.0HP 4.3L 8 Cylinder Engine Gasoline Fuel
788,505.0HP 7.0L 8 Cylinder Engine Gasoline Fuel
789,132.0HP 1.6L 4 Cylinder Engine Gasoline Fuel
790,270.0HP 4.7L 8 Cylinder Engine Gasoline Fuel
791,212.0HP 4.5L Straight 6 Cylinder Engine Gasoline Fuel
792,400.0HP 2.5L 5 Cylinder Engine Gasoline Fuel
793,325.0HP 3.7L V6 Cylinder Engine Gasoline Fuel
794,3.0 Liter Turbo
795,567.0HP 6.0L 12 Cylinder Engine Flex Fuel Capability
796,156.0HP 2.5L 4 Cylinder Engine Gas/Electric Hybrid
797,710.0HP 4.0L 8 Cylinder Engine Gasoline Fuel
798,306.0HP 2.0L 4 Cylinder Engine Gasoline Fuel
799,282.0HP 3.5L V6 Cylinder Engine Flex Fuel Capability
800,180.0HP 3.4L V6 Cylinder Engine Gasoline Fuel
801,469.0HP 5.4L 8 Cylinder Engine Gasoline Fuel
802,180.0HP 2.4L 4 Cylinder Engine Flex Fuel Capability
803,260.0HP 3.0L Straight 6 Cylinder Engine Gasoline Fuel
804,3.6L V6 GDI DOHC
805,215.0HP 1.6L 4 Cylinder Engine Gasoline Fuel
806,150.0HP 2.7L 4 Cylinder Engine Gasoline Fuel
807,601.0HP 6.6L 12 Cylinder Engine Gasoline Fuel
808,162.0HP 2.4L 4 Cylinder Engine Gasoline Fuel
809,215.0HP 3.8L V6 Cylinder Engine Gasoline Fuel
810,557.0HP 5.0L 8 Cylinder Engine Gasoline Fuel
811,400.0HP 5.0L 8 Cylinder Engine Gasoline Fuel
812,281.0HP 3.0L Straight 6 Cylinder Engine Gasoline Fuel
813,3.5L V6 24V PDI DOHC Hybrid
814,192.0HP 2.3L 4 Cylinder Engine Gasoline Fuel
815,4.4 Liter DOHC Twin Turbo
816,355.0HP 6.0L 8 Cylinder Engine Gasoline Fuel
817,126.0HP 1.8L 4 Cylinder Engine Gasoline Fuel
818,557.0HP Electric Motor Electric Fuel System
819,266.0HP 4.0L V6 Cylinder Engine Gasoline Fuel
820,228.0HP 3.0L V6 Cylinder Engine Gasoline Fuel
821,210.0HP 3.0L V6 Cylinder Engine Gasoline Fuel
822,161.0HP 2.1L 4 Cylinder Engine Diesel Fuel
823,543.0HP 5.5L 12 Cylinder Engine Gasoline Fuel
824,1.3L I3 12V MPFI DOHC Turbo
825,265.0HP 2.7L Flat 6 Cylinder Engine Gasoline Fuel
826,496.0HP 4.0L 8 Cylinder Engine Gasoline/Mild Electric Hybrid
827,148.0HP 3.0L V6 Cylinder Engine Gasoline Fuel
828,480.0HP Electric Motor Electric Fuel System
829,276.0HP 2.0L 4 Cylinder Engine Gasoline Fuel
830,6.4L V8 32V DDI OHV Twin Turbo Diesel
831,167.0HP 2.0L 4 Cylinder Engine Gasoline Fuel
832,2.5L H4 16V MPFI DOHC
833,420.0HP 5.9L 12 Cylinder Engine Gasoline Fuel
834,153.0HP 1.4L 4 Cylinder Engine Gasoline Fuel
835,325.0HP 8.1L 8 Cylinder Engine Gasoline Fuel
836,184.0HP 2.0L 4 Cylinder Engine Gasoline Fuel
837,109.0HP 1.5L 4 Cylinder Engine Gasoline Fuel
838,3.5L V6 24V GDI DOHC Twin Turbo
839,221.0HP 2.0L 4 Cylinder Engine Gasoline Fuel
840,320.0HP 4.6L 8 Cylinder Engine Gasoline Fuel
841,3.0 Liter SC ULEV
842,500.0HP 5.4L 8 Cylinder Engine Gasoline Fuel
843,170.0HP 0.65L Electric Motor Electric Fuel System
844,227.0HP 2.0L 4 Cylinder Engine Gasoline Fuel
845,6.2L V8 16V GDI OHV Supercharged
846,2.0 Liter
847,6.7L I6 24V DDI OHV Turbo Diesel
848,6.7L V8 32V DDI OHV Turbo Diesel
849,6.0L V8 16V MPFI OHV
850,104.0HP 1.6L 4 Cylinder Engine Gasoline Fuel
851,245.0HP 2.7L Flat 6 Cylinder Engine Gasoline Fuel
852,325.0HP 3.0L Straight 6 Cylinder Engine Gasoline Fuel
853,375.0HP 2.0L 4 Cylinder Engine Plug-In Electric/Gas
854,318.0HP 3.3L V6 Cylinder Engine Gas/Electric Hybrid
855,6.2L V8 16V MPFI SOHC Flexible Fuel
856,3.5L 24V SOHC I-VTEC V6
857,357.0HP 1.5L 3 Cylinder Engine Plug-In Electric/Gas
858,250.0HP 3.2L V6 Cylinder Engine Gasoline Fuel
859,375.0HP Electric Motor Electric Fuel System
860,300.0HP 6.0L 8 Cylinder Engine Gasoline Fuel
861,400.0HP 2.0L 4 Cylinder Engine Plug-In Electric/Gas
862,6.6L V8 32V DDI OHV Turbo Diesel
863,660.0HP 3.9L 8 Cylinder Engine Gasoline Fuel
864,521.0HP 4.0L 8 Cylinder Engine Gasoline Fuel
865,182.0HP 4.0L 8 Cylinder Engine Gasoline Fuel
866,247.0HP 2.0L 4 Cylinder Engine Gasoline/Mild Electric Hybrid
867,182.0HP Electric Motor Hydrogen Fuel
868,250.0HP 5.9L Straight 6 Cylinder Engine Diesel Fuel
869,275.0HP 4.2L Straight 6 Cylinder Engine Gasoline Fuel
870,315.0HP 3.6L Flat 6 Cylinder Engine Gasoline Fuel
871,2.5L I4 16V PDI DOHC Hybrid
872,4.2L V8 32V GDI DOHC Twin Turbo
873,260.0HP 6.6L 8 Cylinder Engine Diesel Fuel
874,3.0 Liter Twin Turbo
875,3.8L V8 32V MPFI DOHC Twin Turbo
876,420.0HP 5.6L 8 Cylinder Engine Gasoline Fuel
877,401.0HP 2.5L 5 Cylinder Engine Gasoline Fuel
878,323.0HP 6.0L 8 Cylinder Engine Gasoline Fuel
879,430.0HP 3.5L V6 Cylinder Engine Gas/Electric Hybrid
880,V8
881,2.0 Liter TFSI
882,255.0HP 2.9L Flat 6 Cylinder Engine Gasoline Fuel
883,3.0L I6 24V GDI DOHC Twin Turbo
884,3.4L V6 24V PDI DOHC Twin Turbo Hybrid
885,310.0HP 4.7L 8 Cylinder Engine Flex Fuel Capability
886,6.5L V12 48V MPFI DOHC
887,221.0HP 2.5L 4 Cylinder Engine Plug-In Electric/Gas
888,212.0HP 1.3L Rotary engine Gasoline Fuel
889,266.0HP Electric Motor Electric Fuel System
890,305.0HP 3.6L V6 Cylinder Engine Gasoline/Mild Electric Hybrid
891,3.8L V6 24V MPFI DOHC Twin Turbo
892,2.0L I4 16V GDI DOHC Turbo Flexible Fuel
893,134.0HP 1.5L 3 Cylinder Engine Gasoline Fuel
894,178.0HP 1.8L 4 Cylinder Engine Gasoline Fuel
895,210.0HP 4.0L Straight 6 Cylinder Engine Gasoline Fuel
896,295.0HP 3.4L Flat 6 Cylinder Engine Gasoline Fuel
897,225.0HP 1.8L 4 Cylinder Engine Gasoline Fuel
898,295.0HP Electric Motor Electric Fuel System
899,295.0HP 4.8L 8 Cylinder Engine Gasoline Fuel
900,325.0HP 2.0L 4 Cylinder Engine Gasoline/Mild Electric Hybrid
901,808.0HP 6.2L 8 Cylinder Engine Gasoline Fuel
902,2.0L I4 16V GDI DOHC Hybrid
903,355.0HP Electric Motor Electric Fuel System
904,440.0HP 2.9L V6 Cylinder Engine Gasoline Fuel
905,500.0HP 4.0L 8 Cylinder Engine Gasoline Fuel
906,173.0HP 2.0L 4 Cylinder Engine Gasoline Fuel
907,425.0HP 4.7L 8 Cylinder Engine Gasoline Fuel
908,4.7 Liter Twin Turbo
909,573.0HP 5.2L 10 Cylinder Engine Gasoline Fuel
910,602.0HP 3.9L 8 Cylinder Engine Gasoline Fuel
911,407.0HP 4.4L 8 Cylinder Engine Gasoline Fuel
912,788.0HP 6.5L 12 Cylinder Engine Gasoline Fuel
913,3.2L V6 18V MPFI SOHC
914,2.9L V6 24V GDI DOHC Twin Turbo
915,335.0HP 6.6L 8 Cylinder Engine Diesel Fuel
916,186.0HP 2.0L 4 Cylinder Engine Gasoline Fuel
917,250.0HP 3.0L Flat 6 Cylinder Engine Gasoline Fuel
918,534.0HP Electric Motor Electric Fuel System
919,621.0HP 6.0L 12 Cylinder Engine Gasoline Fuel
920,346.0HP Electric Motor Electric Fuel System
921,201.0HP 2.0L 4 Cylinder Engine Gasoline/Mild Electric Hybrid
922,180.0HP 1.6L 4 Cylinder Engine Gasoline Fuel
923,456.0HP 4.0L 8 Cylinder Engine Gasoline Fuel
924,493.0HP 5.0L 10 Cylinder Engine Gasoline Fuel
925,616.0HP Electric Motor Electric Fuel System
926,3.5 Liter
927,2.4L I4 16V MPFI SOHC
928,5.6 Liter
929,360.0HP 4.2L 8 Cylinder Engine Gasoline Fuel
930,1.5L I3 12V GDI DOHC Turbo
931,2.7L I4 16V GDI DOHC Turbo
932,3.5L V6 24V PDI DOHC Twin Turbo Hybrid
933,243.0HP 2.5L 4 Cylinder Engine Gasoline Fuel
934,605.0HP 5.7L 10 Cylinder Engine Gasoline Fuel
935,2.4L I4 16V PDI DOHC Turbo
936,172.0HP 2.4L 4 Cylinder Engine Gas/Electric Hybrid
937,120 AH
938,440.0HP 4.7L 8 Cylinder Engine Gasoline Fuel
939,301.0HP 3.6L V6 Cylinder Engine Gasoline Fuel
940,252.0HP 3.6L V6 Cylinder Engine Gasoline Fuel
941,4.0 Liter
942,650.0HP 5.8L 8 Cylinder Engine Gasoline Fuel
943,375.0HP 5.6L 8 Cylinder Engine Gasoline Fuel
944,Intercooled Turbo Diesel V-8 6.7 L/406
945,480.0HP 5.0L 8 Cylinder Engine Gasoline Fuel
946,250.0HP 2.7L V6 Cylinder Engine Gasoline Fuel
947,109.0HP 1.6L 4 Cylinder Engine Gasoline Fuel
948,340.0HP 8.1L 8 Cylinder Engine Gasoline Fuel
949,200.0HP 2.2L 4 Cylinder Engine Gasoline Fuel
950,245.0HP 3.5L V6 Cylinder Engine Gasoline Fuel
951,345.0HP 3.6L Flat 6 Cylinder Engine Gasoline Fuel
952,138.0HP 2.0L 4 Cylinder Engine Gasoline Fuel
953,2.7L V6 24V GDI DOHC Twin Turbo
954,261.0HP 2.0L 4 Cylinder Engine Gasoline/Mild Electric Hybrid
955,365.0HP 3.0L Straight 6 Cylinder Engine Gasoline Fuel
956,3.2L V6 24V MPFI DOHC
957,1.6L I4 16V GDI DOHC Hybrid
958,205.0HP 1.5L 4 Cylinder Engine Gasoline Fuel
959,5.4 Liter SC DOHC
960,778.0HP Electric Motor Electric Fuel System
961,3.8L H6 24V MPFI DOHC
962,180.0HP 1.6L 4 Cylinder Engine Plug-In Electric/Gas
963,5.3L V8 16V MPFI OHV Flexible Fuel
964,360.0HP 6.6L 8 Cylinder Engine Diesel Fuel
965,482.0HP Electric Motor Electric Fuel System
966,146.0HP 2.0L 4 Cylinder Engine Gasoline Fuel
967,76.0HP 1.5L 4 Cylinder Engine Gas/Electric Hybrid
968,270.0HP 2.0L 4 Cylinder Engine Gasoline Fuel
969,177.0HP 2.4L 4 Cylinder Engine Gasoline Fuel
970,3.5L V6 24V GDI DOHC
971,271.0HP 2.0L 4 Cylinder Engine Gasoline Fuel
972,495.0HP 5.0L 8 Cylinder Engine Gasoline Fuel
973,137.0HP 1.8L 4 Cylinder Engine Gasoline Fuel
974,2.0L I4 16V GDI DOHC Flexible Fuel
975,253.0HP 3.5L V6 Cylinder Engine Gasoline Fuel
976,3.0 Liter
977,702.0HP 6.2L 8 Cylinder Engine Gasoline Fuel
978,101.0HP 1.4L 4 Cylinder Engine Gasoline Fuel
979,325.0HP 5.7L 8 Cylinder Engine Gasoline Fuel
980,3.0L V6 Cylinder Engine Diesel Fuel
981,170.0HP 3.3L V6 Cylinder Engine Gasoline Fuel
982,1020.0HP Electric Motor Electric Fuel System
983,181.0HP 2.5L 4 Cylinder Engine Gasoline Fuel
984,170.0HP 2.0L 4 Cylinder Engine Gasoline Fuel
985,164.0HP 1.4L 4 Cylinder Engine Gasoline Fuel
986,319.0HP 6.0L 8 Cylinder Engine Gasoline Fuel
987,266.0HP 2.5L 4 Cylinder Engine Plug-In Electric/Gas
988,340.0HP 3.4L Flat 6 Cylinder Engine Gasoline Fuel
989,303.0HP 3.5L V6 Cylinder Engine Gasoline Fuel
990,139.0HP 1.6L 4 Cylinder Engine Gas/Electric Hybrid
991,2.4 Liter
992,200.0HP Electric Motor Electric Fuel System
993,729.0HP 6.5L 12 Cylinder Engine Gasoline Fuel
994,I4
995,222.0HP 3.0L V6 Cylinder Engine Gasoline Fuel
996,2.5L H4 16V GDI DOHC
997,150.0HP 2.0L 4 Cylinder Engine Diesel Fuel
998,651.0HP 6.3L 12 Cylinder Engine Gasoline Fuel
999,78.0HP 1.2L 3 Cylinder Engine Gasoline Fuel
1000,317.0HP 5.6L 8 Cylinder Engine Flex Fuel Capability
1001,4.4 Liter Twin Turbo
1002,245.0HP 2.5L 4 Cylinder Engine Gas/Electric Hybrid
1003,1.2L I3 12V GDI DOHC Turbo
1004,552.0HP 6.0L 12 Cylinder Engine Flex Fuel Capability
1005,155.0HP 1.3L 3 Cylinder Engine Gasoline Fuel
1006,219.0HP 2.5L 4 Cylinder Engine Gas/Electric Hybrid
1007,1.6L I4 16V MPFI DOHC
1008,205.0HP 2.0L 4 Cylinder Engine Gasoline Fuel
1009,380.0HP 4.3L 8 Cylinder Engine Gasoline Fuel
1010,691.0HP Electric Motor Electric Fuel System
1011,321.0HP Electric Motor Electric Fuel System
1012,6.3L V12 48V GDI DOHC
1013,405.0HP 4.8L 8 Cylinder Engine Gasoline Fuel
1014,290.0HP 7.4L 8 Cylinder Engine Gasoline Fuel
1015,190.0HP 1.8L 4 Cylinder Engine Gasoline Fuel
1016,6.2L V8 32V MPFI DOHC
1017,260.0HP 3.0L V6 Cylinder Engine Diesel Fuel
1018,638.0HP 6.2L 8 Cylinder Engine Gasoline Fuel
1019,306.0HP 3.0L Straight 6 Cylinder Engine Gasoline Fuel
1020,210.0HP 5.8L 8 Cylinder Engine Gasoline Fuel
1021,380.0HP 5.4L 8 Cylinder Engine Gasoline Fuel
1022,443.0HP 4.4L 8 Cylinder Engine Gasoline Fuel
1023,Electric
1024,275.0HP 2.0L 4 Cylinder Engine Gasoline Fuel
1025,402.0HP Electric Motor Electric Fuel System
1026,550.0HP 6.0L 12 Cylinder Engine Gasoline Fuel
1027,4.4 Liter GDI DOHC Twin Turbo
1028,335.0HP 5.7L 8 Cylinder Engine Gasoline Fuel
1029,2.0L I4 16V MPFI DOHC Hybrid
1030,321.0HP 3.0L V6 Cylinder Engine Gas/Electric Hybrid
1031,624.0HP 6.6L 12 Cylinder Engine Gasoline Fuel
1032,3.0L V6 24V PDI DOHC Twin Turbo
1033,4.6 Liter
1034,420.0HP 4.7L 8 Cylinder Engine Gasoline Fuel
1035,150.0HP 3.8L V6 Cylinder Engine Gasoline Fuel
1036,332.0HP 6.0L 8 Cylinder Engine Gas/Electric Hybrid
1037,6.8L V12 48V GDI DOHC
1038,415.0HP 3.6L Flat 6 Cylinder Engine Gasoline Fuel
1039,3.6L V6 24V MPFI DOHC Hybrid
1040,Standard Range Battery
1041,2.4L I4 16V MPFI DOHC
1042,3.6 Liter DOHC
1043,5.2L V10 40V PDI DOHC
1044,290.0HP 3.8L V6 Cylinder Engine Gasoline Fuel
1045,288.0HP 2.0L 4 Cylinder Engine Plug-In Electric/Gas
1046,240.0HP 2.5L 4 Cylinder Engine Gas/Electric Hybrid
1047,300.0HP 1.6L 3 Cylinder Engine Gasoline Fuel
1048,5.8L V8 32V MPFI DOHC Supercharged
1049,2.0 Liter TSI
1050,3.4L V6 24V PDI DOHC Twin Turbo
1051,287.0HP 3.6L V6 Cylinder Engine Gasoline Fuel
1052,533.0HP Electric Motor Electric Fuel System
1053,111.0HP Electric Motor Electric Fuel System
1054,536.0HP Electric Motor Electric Fuel System
1055,422.0HP Electric Motor Electric Fuel System
1056,8.0L W16 64V GDI DOHC Twin Turbo
1057,208.0HP 3.3L V6 Cylinder Engine Gas/Electric Hybrid
1058,3.0L
1059,3.0 Liter GTDI
1060,120.0HP 2.2L 4 Cylinder Engine Flex Fuel Capability
1060,120.0HP 2.2L 4 Cylinder Engine Flex Fuel Capability
1060,120.0HP 2.2L 4 Cylinder Engine Flex Fuel Capability
1060,120.0HP 2.2L 4 Cylinder Engine Flex Fuel Capability
1060,120.0HP 2.2L 4 Cylinder Engine Flex Fuel Capability
1060,120.0HP 2.2L 4 Cylinder Engine Flex Fuel Capability
1060,120.0HP 2.2L 4 Cylinder Engine Flex Fuel Capability
1060,120.0HP 2.2L 4 Cylinder Engine Flex Fuel Capability
1060,120.0HP 2.2L 4 Cylinder Engine Flex Fuel Capability
1060,120.0HP 2.2L 4 Cylinder Engine Flex Fuel Capability
